{
    "stat": {
        "cpu_cycles_end": 59044560055568134,
        "ru_childs_end": {
            "ru_utime_sec": 0.00091600000000000004,
            "ru_maxrss_kb": 15844,
            "ru_stime_sec": 0.0036640000000000002,
            "ru_minflt": 616,
            "ru_nivcsw": 2,
            "ru_majflt": 0,
            "ru_nvcsw": 1
        },
        "ru_self_cgstart": {
            "ru_utime_sec": 0.087779999999999997,
            "ru_maxrss_kb": 62108,
            "ru_stime_sec": 0.049438999999999997,
            "ru_minflt": 24753,
            "ru_nivcsw": 58,
            "ru_majflt": 0,
            "ru_nvcsw": 20
        },
        "CodeGen(%)": 13.188812848609519,
        "mopSpeed": 20020.995800839832,
        "Frontend(%)": 86.811187151390484,
        "ru_childs_cgstart": {
            "ru_utime_sec": 0.0,
            "ru_maxrss_kb": 0,
            "ru_stime_sec": 0.0,
            "ru_minflt": 0,
            "ru_nivcsw": 0,
            "ru_majflt": 0,
            "ru_nvcsw": 0
        },
        "totalObjSize": 95214,
        "cpu_cycles_cgstart": 59044559986135376,
        "nQuads": 84,
        "nMops": 267,
        "ru_self_end": {
            "ru_utime_sec": 0.1002,
            "ru_maxrss_kb": 68236,
            "ru_stime_sec": 0.058151000000000001,
            "ru_minflt": 27073,
            "ru_nivcsw": 63,
            "ru_majflt": 0,
            "ru_nvcsw": 21
        },
        "cpu_cycles_total": 455653030,
        "quadSpeed": 6298.74025194961,
        "mop/quad": 3.1785714285714284,
        "outputSizePerQuad": 1133.5,
        "peak_mem_kb": 290436,
        "realTime": 0.20681405067443848
    },
    "CurCompileModules": [
        "...MASTER...",
        "And4_tb",
        "And4_tb"
    ],
    "cycles_program_begin": 59044559599915104,
    "perf": [
        {
            "stat": [
                "main",
                "entry",
                0.031599998474121094,
                0.062413000000000003,
                0.034225999999999999,
                216376,
                216376,
                0.0,
                0.0,
                1656558558.9889629,
                59044559600404068
            ],
            "sub": [
                {
                    "stat": [
                        "doParsingAndDesignResolution",
                        "entry",
                        0.15459108352661133,
                        0.069508,
                        0.042344,
                        276356,
                        277156,
                        0.0,
                        0.0,
                        1656558559.111954,
                        59044559920126695
                    ],
                    "sub": []
                },
                {
                    "stat": [
                        "doParsingAndDesignResolution",
                        "exit",
                        0.16054010391235352,
                        0.074362999999999999,
                        0.043374000000000003,
                        276628,
                        277276,
                        0.0,
                        0.0,
                        1656558559.117903,
                        59044559935627953
                    ],
                    "sub": []
                },
                {
                    "stat": [
                        "doPostDesignResolutionToVir2Vcs",
                        "entry",
                        0.16065716743469238,
                        0.074481000000000006,
                        0.043374000000000003,
                        276628,
                        277276,
                        0.0,
                        0.0,
                        1656558559.1180201,
                        59044559935816374
                    ],
                    "sub": [
                        {
                            "stat": [
                                "doUptoVir2VcsNoSepCleanup",
                                "entry",
                                0.1637570858001709,
                                0.076605000000000006,
                                0.044350000000000001,
                                277788,
                                277792,
                                0.0,
                                0.0,
                                1656558559.12112,
                                59044559943923779
                            ],
                            "sub": []
                        },
                        {
                            "stat": [
                                "doUptoVir2VcsNoSepCleanup",
                                "exit",
                                0.17335319519042969,
                                0.084339999999999998,
                                0.046185999999999998,
                                278080,
                                290436,
                                0.0,
                                0.0,
                                1656558559.1307161,
                                59044559968922571
                            ],
                            "sub": []
                        },
                        {
                            "stat": [
                                "doRadify_vir2vcsAll",
                                "entry",
                                0.17349720001220703,
                                0.084432999999999994,
                                0.046237,
                                278080,
                                290436,
                                0.0,
                                0.0,
                                1656558559.1308601,
                                59044559969229359
                            ],
                            "sub": []
                        },
                        {
                            "stat": [
                                "doRadify_vir2vcsAll",
                                "exit",
                                0.17740106582641602,
                                0.086368,
                                0.048204999999999998,
                                278836,
                                290436,
                                0.0,
                                0.0,
                                1656558559.134764,
                                59044559979434276
                            ],
                            "sub": []
                        }
                    ]
                },
                {
                    "stat": [
                        "doPostDesignResolutionToVir2Vcs",
                        "exit",
                        0.17748618125915527,
                        0.086424000000000001,
                        0.048237000000000002,
                        278836,
                        290436,
                        0.0,
                        0.0,
                        1656558559.1348491,
                        59044559979566696
                    ],
                    "sub": []
                },
                {
                    "stat": [
                        "doGAToPass2",
                        "entry",
                        0.1775360107421875,
                        0.086456000000000005,
                        0.048253999999999998,
                        278836,
                        290436,
                        0.0,
                        0.0,
                        1656558559.1348989,
                        59044559979698981
                    ],