{
    "cycles_program_begin": 60212611719928305,
    "cpu_cycles_pass2_start": 60212612232214434,
    "LVLData": [
        "SIM"
    ],
    "perf": [
        {
            "stat": [
                "main",
                "entry",
                0.032972097396850586,
                0.067657999999999996,
                0.042411999999999998,
                216376,
                216376,
                0.0,
                0.0,
                1657007812.358067,
                60212611720444127
            ],
            "sub": [
                {
                    "stat": [
                        "doParsingAndDesignResolution",
                        "entry",
                        0.15610814094543457,
                        0.075244000000000005,
                        0.050161999999999998,
                        276356,
                        277156,
                        0.0,
                        0.0,
                        1657007812.4812031,
                        60212612040478146
                    ],
                    "sub": []
                },
                {
                    "stat": [
                        "doParsingAndDesignResolution",
                        "exit",
                        0.16310906410217285,
                        0.078194,
                        0.054134000000000002,
                        276628,
                        277276,
                        0.0,
                        0.0,
                        1657007812.488204,
                        60212612058730404
                    ],
                    "sub": []
                },
                {
                    "stat": [
                        "doPostDesignResolutionToVir2Vcs",
                        "entry",
                        0.16353702545166016,
                        0.078448000000000004,
                        0.054309999999999997,
                        276628,
                        277276,
                        0.0,
                        0.0,
                        1657007812.488632,
                        60212612059841944
                    ],
                    "sub": [
                        {
                            "stat": [
                                "doUptoVir2VcsNoSepCleanup",
                                "entry",
                                0.1669621467590332,
                                0.080451999999999996,
                                0.055730000000000002,
                                277772,
                                277776,
                                0.0,
                                0.0,
                                1657007812.4920571,
                                60212612068669928
                            ],
                            "sub": []
                        },
                        {
                            "stat": [
                                "doUptoVir2VcsNoSepCleanup",
                                "exit",
                                0.22481203079223633,
                                0.095723000000000003,
                                0.066502000000000006,
                                279340,
                                291684,
                                0.0076550000000000003,
                                0.023040999999999999,
                                1657007812.549907,
                                60212612219126040
                            ],
                            "sub": []
                        },
                        {
                            "stat": [
                                "doRadify_vir2vcsAll",
                                "entry",
                                0.22494196891784668,
                                0.095799999999999996,
                                0.066556000000000004,
                                279340,
                                291684,
                                0.0076550000000000003,
                                0.023040999999999999,
                                1657007812.5500369,
                                60212612219383485
                            ],
                            "sub": []
                        },
                        {
                            "stat": [
                                "doRadify_vir2vcsAll",
                                "exit",
                                0.22778201103210449,
                                0.097707000000000002,
                                0.067488000000000006,
                                279860,
                                291684,
                                0.0076550000000000003,
                                0.023040999999999999,
                                1657007812.5528769,
                                60212612226849070
                            ],
                            "sub": []
                        }
                    ]
                },
                {
                    "stat": [
                        "doPostDesignResolutionToVir2Vcs",
                        "exit",
                        0.22787213325500488,
                        0.097761000000000001,
                        0.067526000000000003,
                        279860,
                        291684,
                        0.0076550000000000003,
                        0.023040999999999999,
                        1657007812.5529671,
                        60212612226983885
                    ],
                    "sub": []
                },
                {
                    "stat": [
                        "doGAToPass2",
                        "entry",
                        0.2279200553894043,
                        0.097790000000000002,
                        0.067544999999999994,
                        279860,
                        291684,
                        0.0076550000000000003,
                        0.023040999999999999,
                        1657007812.553015,
                        60212612227102735
                    ],
                    "sub": [
                        {
                            "stat": [
                                "DoPass2",
                                "entry",
                                0.22985315322875977,
                                0.097790000000000002,
                                0.069476999999999997,
                                278436,
                                291684,
                                0.0076550000000000003,
                                0.023040999999999999,
                                1657007812.5549481,
                                60212612232202730
                            ],
                            "sub": []
                        },
                        {
                            "stat": [
                                "DoPass2",
                                "exit",
                                0.26160097122192383,
                                0.118557,
                                0.080377000000000004,
                                287740,
                                291684,
                                0.0076550000000000003,
                                0.023040999999999999,
                                1657007812.5866959,
                                60212612314758057
                            ],