{
    "CompUnits": {
        "n207S_d": {
            "text": 1813,
            "mod": "FullAdder",
            "checksum": 0,
            "mode": 4,
            "out": "n207S_d.o",
            "bytes": 10424,
            "archive": "archive.73/_39709_archive_1.a"
        },
        "EA54p_d": {
            "text": 7756,
            "mod": "ALU_tb",
            "checksum": 0,
            "mode": 4,
            "out": "EA54p_d.o",
            "bytes": 28742,
            "archive": "archive.73/_39709_archive_1.a"
        },
        "qd8qI_d": {
            "text": 12996,
            "mod": "ALU4",
            "checksum": 0,
            "mode": 4,
            "out": "qd8qI_d.o",
            "bytes": 29194,
            "archive": "archive.73/_39709_archive_1.a"
        }
    },
    "Modules": {
        "ALU4": {
            "start_perf": [
                0.29952406883239746,
                0.14210500000000001,
                0.084248000000000003,
                286352,
                291948,
                1660011304.9415741,
                68021648413658789
            ],
            "child_modules": {
                "FullAdder": 4
            },
            "Compiled": "Yes",
            "Compiled Times": 1,
            "nMops": 2563,
            "end_perf": [
                0.32441306114196777,
                0.16511999999999999,
                0.086105000000000001,
                286352,
                291948,
                68021648478490911,
                60129542145,
                0
            ],
            "significant_routs": [
                [
                    10,
                    "X_VCSgd_qd8qI_9_0",
                    3474388,
                    851,
                    152
                ],
                [
                    32,
                    "R_VCSgd_qd8qI_20",
                    3033199,
                    735,
                    160
                ]
            ],
            "nQuads": 644,
            "nRouts": 39
        },
        "...MASTER...": {
            "start_perf": [
                0.26030588150024414,
                0.117714,
                0.074079000000000006,
                279012,
                291948,
                1660011304.9023559,
                68021648311697310
            ],
            "child_modules": {
                "ALU_tb": 1
            },
            "end_perf": [
                0.26994585990905762,
                0.117714,
                0.079134999999999997,
                280440,
                291948,
                68021648336844629,
                0,
                0
            ],
            "nRouts": 5,
            "nQuads": 0,
            "nMops": 0
        },
        "ALU_tb": {
            "start_perf": [
                0.27018094062805176,
                0.117826,
                0.079228000000000007,
                280440,
                291948,
                1660011304.912231,
                68021648337396970
            ],
            "child_modules": {
                "ALU4": 4
            },
            "Compiled": "Yes",
            "Compiled Times": 22,
            "nMops": 1476,
            "end_perf": [
                0.29042887687683105,
                0.13503299999999999,
                0.082238000000000006,
                284304,
                291948,
                68021648390107169,
                8589934593,
                0
            ],
            "significant_routs": [
                [
                    1,
                    "X_VCSgd_EA54p_0_0",
                    4438775,
                    564,
                    118
                ],
                [
                    13,
                    "R_VCSgd_EA54p_d",
                    10165220,
                    3125,
                    689
                ],
                [
                    14,
                    "R_VCSgd_EA54p_e",
                    4798285,
                    1645,
                    298
                ]
            ],
            "nQuads": 458,
            "nRouts": 26
        },
        "FullAdder": {
            "start_perf": [
                0.29053306579589844,
                0.135098,
                0.082278000000000004,
                284304,
                291948,
                1660011304.9325831,
                68021648390284055
            ],
            "child_modules": {},
            "nMops": 580,
            "Compiled Times": 15,
            "Compiled": "Yes",
            "end_perf": [
                0.29942798614501953,
                0.142045,
                0.084211999999999995,
                286352,
                291948,
                68021648413506610,
                34359738369,
                0
            ],
            "nRouts": 17,
            "nQuads": 300
        }
    },
    "reusePaths": {
        "amcQw_d": {
            "icPath": "csrc"
        }
    },
    "ObjArchives": [
        {
            "archive": "archive.73/_39709_archive_1.a",
            "objects": [
                [
                    "EA54p_d.o",
                    28742
                ],
                [
                    "n207S_d.o",
                    10424
                ],
                [
                    "qd8qI_d.o",
                    29194
                ],
                [
                    "amcQwB.o",
                    108302
                ]
            ],
            "size": 176662
        }
    ],
    "stat": {
        "ru_self_end": {
            "ru_utime_sec": 0.17133799999999999,
            "ru_maxrss_kb": 75096,
            "ru_stime_sec": 0.089217000000000005,
            "ru_nvcsw": 28,
            "ru_minflt": 29618,
            "ru_nivcsw": 180,
            "ru_majflt": 0
        },
        "ru_childs_end": {
            "ru_utime_sec": 0.010788000000000001,
            "ru_maxrss_kb": 17380,
            "ru_stime_sec": 0.024065,
            "ru_nvcsw": 9,
            "ru_minflt": 4988,
            "ru_nivcsw": 20,
            "ru_majflt": 0
        },
        "cpu_cycles_end": 68021648502606034,
        "peak_mem_kb": 291948
    }
}