{
    "cpu_cycles_pass2_start": 63835028958600364,
    "CurCompileUdps": {},
    "cycles_program_begin": 63835028281448356,
    "perf": [
        {
            "stat": [
                "main",
                "entry",
                0.032762050628662109,
                0.073418999999999998,
                0.031178000000000001,
                216376,
                216376,
                0.0,
                0.0,
                1658401057.3195651,
                63835028281968203
            ],
            "sub": [
                {
                    "stat": [
                        "doParsingAndDesignResolution",
                        "entry",
                        0.15593600273132324,
                        0.080535999999999996,
                        0.039260999999999997,
                        276356,
                        277156,
                        0.0,
                        0.0,
                        1658401057.442739,
                        63835028602106594
                    ],
                    "sub": []
                },
                {
                    "stat": [
                        "doParsingAndDesignResolution",
                        "exit",
                        0.17104005813598633,
                        0.089452000000000004,
                        0.045227999999999997,
                        277308,
                        277956,
                        0.0,
                        0.0,
                        1658401057.4578431,
                        63835028641436598
                    ],
                    "sub": []
                },
                {
                    "stat": [
                        "doPostDesignResolutionToVir2Vcs",
                        "entry",
                        0.17149996757507324,
                        0.089758000000000004,
                        0.045383,
                        277308,
                        277956,
                        0.0,
                        0.0,
                        1658401057.458303,
                        63835028642537506
                    ],
                    "sub": [
                        {
                            "stat": [
                                "doUptoVir2VcsNoSepCleanup",
                                "entry",
                                0.17980098724365234,
                                0.094954999999999998,
                                0.048487000000000002,
                                278608,
                                278612,
                                0.0,
                                0.0,
                                1658401057.466604,
                                63835028664139792
                            ],
                            "sub": []
                        },
                        {
                            "stat": [
                                "doUptoVir2VcsNoSepCleanup",
                                "exit",
                                0.28255701065063477,
                                0.150837,
                                0.064788999999999999,
                                279968,
                                292324,
                                0.0083169999999999997,
                                0.021783,
                                1658401057.56936,
                                63835028931334446
                            ],
                            "sub": []
                        },
                        {
                            "stat": [
                                "doRadify_vir2vcsAll",
                                "entry",
                                0.28269290924072266,
                                0.15093300000000001,
                                0.064829999999999999,
                                279968,
                                292324,
                                0.0083169999999999997,
                                0.021783,
                                1658401057.5694959,
                                63835028931607125
                            ],
                            "sub": []
                        },
                        {
                            "stat": [
                                "doRadify_vir2vcsAll",
                                "exit",
                                0.29049396514892578,
                                0.15679799999999999,
                                0.066765000000000005,
                                280892,
                                292324,
                                0.0083169999999999997,
                                0.021783,
                                1658401057.577297,
                                63835028951984538
                            ],
                            "sub": []
                        }
                    ]
                },
                {
                    "stat": [
                        "doPostDesignResolutionToVir2Vcs",
                        "exit",
                        0.29058599472045898,
                        0.156864,
                        0.066793000000000005,
                        280892,
                        292324,
                        0.0083169999999999997,
                        0.021783,
                        1658401057.577389,
                        63835028952113129
                    ],
                    "sub": []
                },
                {
                    "stat": [
                        "doGAToPass2",
                        "entry",
                        0.29063296318054199,
                        0.15689700000000001,
                        0.066807000000000005,
                        280892,
                        292324,
                        0.0083169999999999997,
                        0.021783,
                        1658401057.577436,
                        63835028952230186
                    ],
                    "sub": [
                        {
                            "stat": [
                                "DoPass2",
                                "entry",
                                0.29304790496826172,
                                0.157475,
                                0.068642999999999996,
                                279468,
                                292324,
                                0.0083169999999999997,
                                0.021783,
                                1658401057.5798509,
                                63835028958588924
                            ],
                            "sub": []
                        },
                        {
                            "stat": [
                                "DoPass2",
                                "exit",
                                0.35419607162475586,
                                0.20119999999999999,
                                0.081486000000000003,
                                284444,
                                292324,
                                0.010576,
                                0.024042000000000001,
                                1658401057.6409991,
                                63835029117565014
                            ],
                            "sub": []
                        }
                    ]
                },
                {
                    "stat": [
                        "doGAToPass2",
                        "exit",
                        0.3600471019744873,
                        0.206097,
                        0.082438999999999998,
                        284444,
                        292324,
                        0.010576,
                        0.024042000000000001,
                        1658401057.6468501,
                        63835029132788547
                    ],