{
    "reusePaths": {
        "bRHgx_d": {
            "icPath": "csrc"
        },
        "amcQw_d": {
            "icPath": "csrc"
        },
        "M1VFv_d": {
            "icPath": "csrc"
        }
    },
    "Modules": {
        "...MASTER...": {
            "nMops": 0,
            "start_perf": [
                0.24492120742797852,
                0.088427000000000006,
                0.085413000000000003,
                278672,
                291780,
                1658392658.1666181,
                63813190598398497
            ],
            "child_modules": {
                "PC_tb": 1
            },
            "nRouts": 5,
            "end_perf": [
                0.25487208366394043,
                0.089579000000000006,
                0.089579000000000006,
                280168,
                291780,
                63813190624333752,
                0,
                0
            ],
            "nQuads": 0
        },
        "Bit": {
            "nMops": 151,
            "start_perf": [
                0.27222418785095215,
                0.104257,
                0.092227000000000003,
                284124,
                291780,
                1658392658.1939211,
                63813190669376995
            ],
            "child_modules": {},
            "Compiled": "Yes",
            "nRouts": 13,
            "end_perf": [
                0.27518820762634277,
                0.10722,
                0.092227000000000003,
                284124,
                291780,
                63813190677158096,
                17179869185,
                0
            ],
            "Compiled Times": 19,
            "nQuads": 70
        },
        "PC_tb": {
            "start_perf": [
                0.25505518913269043,
                0.089579000000000006,
                0.089748999999999995,
                280168,
                291780,
                1658392658.1767521,
                63813190624752753
            ],
            "nMops": 1006,
            "child_modules": {
                "BinaryCounter4": 4
            },
            "Compiled": "Yes",
            "Compiled Times": 19,
            "end_perf": [
                0.27213501930236816,
                0.10421,
                0.092185000000000003,
                284124,
                291780,
                63813190669216158,
                8589934593,
                0
            ],
            "significant_routs": [
                [
                    1,
                    "X_VCSgd_r47cV_0_0",
                    4401331,
                    456,
                    109
                ],
                [
                    16,
                    "R_VCSgd_r47cV_10",
                    3961972,
                    1237,
                    242
                ]
            ],
            "nQuads": 326,
            "nRouts": 28
        },
        "BinaryCounter4": {
            "nMops": 306,
            "start_perf": [
                0.27526998519897461,
                0.10728500000000001,
                0.092244999999999994,
                284124,
                291780,
                1658392658.1969669,
                63813190677300353
            ],
            "child_modules": {
                "Bit": 4
            },
            "Compiled": "Yes",
            "nRouts": 17,
            "end_perf": [
                0.27843618392944336,
                0.110379,
                0.092316999999999996,
                284124,
                291780,
                63813190685622320,
                25769803777,
                0
            ],
            "Compiled Times": 19,
            "nQuads": 136
        }
    },
    "stat": {
        "peak_mem_kb": 291780,
        "ru_self_end": {
            "ru_nivcsw": 123,
            "ru_nvcsw": 17,
            "ru_stime_sec": 0.095411999999999997,
            "ru_utime_sec": 0.115499,
            "ru_majflt": 0,
            "ru_minflt": 29055,
            "ru_maxrss_kb": 73300
        },
        "ru_childs_end": {
            "ru_nivcsw": 20,
            "ru_nvcsw": 9,
            "ru_stime_sec": 0.024761999999999999,
            "ru_utime_sec": 0.01004,
            "ru_majflt": 0,
            "ru_minflt": 4988,
            "ru_maxrss_kb": 17136
        },
        "cpu_cycles_end": 63813190706846746
    },
    "CompUnits": {
        "r47cV_d": {
            "mod": "PC_tb",
            "out": "r47cV_d.o",
            "bytes": 22842,
            "text": 5486,
            "mode": 4,
            "checksum": 0,
            "archive": "archive.18/_19909_archive_1.a"
        }
    },
    "ObjArchives": [
        {
            "size": 130368,
            "archive": "archive.18/_19909_archive_1.a",
            "objects": [
                [
                    "r47cV_d.o",
                    22842
                ],
                [
                    "amcQwB.o",
                    107526
                ]
            ]
        }
    ]
}