{
    "reusePaths": {
        "amcQw_d": {
            "icPath": "csrc"
        },
        "n207S_d": {
            "icPath": "csrc"
        }
    },
    "Modules": {
        "...MASTER...": {
            "nQuads": 0,
            "start_perf": [
                0.25453090667724609,
                0.1152,
                0.067705000000000001,
                278820,
                291896,
                1660216802.7360389,
                68555939654768561
            ],
            "child_modules": {
                "ALU4_tb": 1
            },
            "end_perf": [
                0.26474404335021973,
                0.11655699999999999,
                0.071340000000000001,
                280352,
                291896,
                68555939681405482,
                0,
                0
            ],
            "nMops": 0,
            "nRouts": 5
        },
        "ALU4_tb": {
            "start_perf": [
                0.26491808891296387,
                0.116656,
                0.071401000000000006,
                280352,
                291896,
                1660216802.7464261,
                68555939681789545
            ],
            "nQuads": 899,
            "child_modules": {
                "FullAdder": 4
            },
            "Compiled": "Yes",
            "Compiled Times": 2,
            "significant_routs": [
                [
                    1,
                    "X_VCSgd_KW9ID_0_0",
                    5222192,
                    667,
                    134
                ],
                [
                    2,
                    "X_VCSgd_KW9ID_1_0",
                    3001638,
                    667,
                    131
                ],
                [
                    3,
                    "X_VCSgd_KW9ID_2_0",
                    3165892,
                    1272,
                    255
                ],
                [
                    6,
                    "X_VCSgd_KW9ID_4_0",
                    3058317,
                    1264,
                    251
                ],
                [
                    9,
                    "X_VCSgd_KW9ID_7_0",
                    3468847,
                    851,
                    153
                ],
                [
                    25,
                    "R_VCSgd_KW9ID_19",
                    12881637,
                    4555,
                    927
                ],
                [
                    26,
                    "R_VCSgd_KW9ID_1a",
                    3153448,
                    950,
                    172
                ],
                [
                    36,
                    "R_VCSgd_KW9ID_24",
                    3261076,
                    753,
                    162
                ]
            ],
            "end_perf": [
                0.30051302909851074,
                0.14707700000000001,
                0.076560000000000003,
                284328,
                291896,
                68555939774412211,
                8589934593,
                0
            ],
            "nMops": 3446,
            "nRouts": 45
        },
        "FullAdder": {
            "nQuads": 150,
            "start_perf": [
                0.3006138801574707,
                0.147144,
                0.076594999999999996,
                284328,
                291896,
                1660216802.7821219,
                68555939774604801
            ],
            "child_modules": {},
            "Compiled": "Yes",
            "Compiled Times": 2,
            "end_perf": [
                0.30377292633056641,
                0.149591,
                0.077304999999999999,
                284328,
                291896,
                68555939782884932,
                25769803777,
                0
            ],
            "nMops": 290,
            "nRouts": 17
        }
    },
    "CompUnits": {
        "KW9ID_d": {
            "mod": "ALU4_tb",
            "checksum": 0,
            "out": "KW9ID_d.o",
            "mode": 4,
            "text": 18224,
            "bytes": 44430,
            "archive": "archive.1/_24530_archive_1.a"
        }
    },
    "ObjArchives": [
        {
            "archive": "archive.1/_24530_archive_1.a",
            "objects": [
                [
                    "KW9ID_d.o",
                    44430
                ],
                [
                    "amcQwB.o",
                    107546
                ]
            ],
            "size": 151976
        }
    ],
    "stat": {
        "ru_self_end": {
            "ru_utime_sec": 0.15575700000000001,
            "ru_stime_sec": 0.079385999999999998,
            "ru_majflt": 0,
            "ru_maxrss_kb": 73688,
            "ru_minflt": 29216,
            "ru_nivcsw": 160,
            "ru_nvcsw": 32
        },
        "ru_childs_end": {
            "ru_utime_sec": 0.014213999999999999,
            "ru_stime_sec": 0.021475000000000001,
            "ru_majflt": 0,
            "ru_maxrss_kb": 17332,
            "ru_minflt": 4986,
            "ru_nivcsw": 27,
            "ru_nvcsw": 8
        },
        "cpu_cycles_end": 68555939804187738,
        "peak_mem_kb": 291896
    }
}