{
    "NameTable": {
        "Mux16": [
            "Mux16",
            "Nw6UF",
            "module",
            4
        ],
        "FullAdder4": [
            "FullAdder4",
            "NJTgI",
            "module",
            3
        ],
        "ALU": [
            "ALU",
            "trjvP",
            "module",
            5
        ],
        "...MASTER...": [
            "SIM",
            "amcQw",
            "module",
            2
        ]
    },
    "cycles_program_begin": 58650061738257732,
    "incremental": "on",
    "CurCompileUdps": {},
    "stat": {
        "ru_childs_end": {
            "ru_utime_sec": 0.001923,
            "ru_stime_sec": 0.002885,
            "ru_nvcsw": 1,
            "ru_maxrss_kb": 16416,
            "ru_minflt": 616,
            "ru_majflt": 0,
            "ru_nivcsw": 2
        },
        "mop/quad": 6.3618581907090466,
        "ru_self_cgstart": {
            "ru_utime_sec": 0.104822,
            "ru_stime_sec": 0.067884,
            "ru_nvcsw": 27,
            "ru_maxrss_kb": 63084,
            "ru_minflt": 24981,
            "ru_majflt": 4,
            "ru_nivcsw": 212
        },
        "Frontend(%)": 76.19926869870531,
        "ru_self_end": {
            "ru_utime_sec": 0.13564000000000001,
            "ru_stime_sec": 0.078791,
            "ru_nvcsw": 28,
            "ru_maxrss_kb": 70672,
            "ru_minflt": 27725,
            "ru_majflt": 4,
            "ru_nivcsw": 224
        },
        "ru_childs_cgstart": {
            "ru_utime_sec": 0.0,
            "ru_stime_sec": 0.0,
            "ru_nvcsw": 0,
            "ru_maxrss_kb": 0,
            "ru_minflt": 0,
            "ru_majflt": 0,
            "ru_nivcsw": 0
        },
        "realTime": 0.25922799110412598,
        "cpu_cycles_cgstart": 58650062203829174,
        "nMops": 2602,
        "outputSizePerQuad": 313.23227383863082,
        "quadSpeed": 12491.982529550098,
        "nQuads": 409,
        "totalObjSize": 128112,
        "cpu_cycles_end": 58650062325316006,
        "cpu_cycles_total": 587058274,
        "mopSpeed": 79472.221373812601,
        "CodeGen(%)": 23.80073130129469,
        "peak_mem_kb": 291828
    },
    "CompileStrategy": "fullobj",
    "perf": [
        {
            "stat": [
                "main",
                "entry",
                0.03348994255065918,
                0.063920000000000005,
                0.046940999999999997,
                216376,
                216376,
                0.0,
                0.0,
                1656406828.2046061,
                58650061738895234
            ],
            "sub": [
                {
                    "stat": [
                        "doParsingAndDesignResolution",
                        "entry",
                        0.15511083602905273,
                        0.070601999999999998,
                        0.055685999999999999,
                        276356,
                        277156,
                        0.0,
                        0.0,
                        1656406828.3262269,
                        58650062054925368
                    ],
                    "sub": []
                },
                {
                    "stat": [
                        "doParsingAndDesignResolution",
                        "exit",
                        0.16426396369934082,
                        0.076602000000000003,
                        0.058694999999999997,
                        277028,
                        277676,
                        0.0,
                        0.0,
                        1656406828.3353801,
                        58650062078782959
                    ],
                    "sub": []
                },
                {
                    "stat": [
                        "doPostDesignResolutionToVir2Vcs",
                        "entry",
                        0.16439390182495117,
                        0.076677999999999996,
                        0.058753,
                        277028,
                        277676,
                        0.0,
                        0.0,
                        1656406828.33551,
                        58650062078992510
                    ],
                    "sub": [
                        {
                            "stat": [
                                "doUptoVir2VcsNoSepCleanup",
                                "entry",
                                0.17121291160583496,
                                0.081821000000000005,
                                0.059868999999999999,
                                278404,
                                278408,
                                0.0,
                                0.0,
                                1656406828.342329,
                                58650062096764675
                            ],
                            "sub": []
                        },
                        {
                            "stat": [
                                "doUptoVir2VcsNoSepCleanup",
                                "exit",
                                0.2060239315032959,
                                0.101573,
                                0.064727999999999994,
                                279472,
                                291828,
                                0.0,
                                0.0,
                                1656406828.37714,
                                58650062187316262
                            ],
                            "sub": []
                        },
                        {
                            "stat": [
                                "doRadify_vir2vcsAll",
                                "entry",
                                0.20614886283874512,
                                0.10165100000000001,
                                0.064777000000000001,
                                279472,
                                291828,
                                0.0,
                                0.0,
                                1656406828.377265,
                                58650062187555248
                            ],
                            "sub": []
                        },
                        {
                            "stat": [
                                "doRadify_vir2vcsAll",
                                "exit",
                                0.21006298065185547,
                                0.104585,
                                0.065739000000000006,
                                279888,
                                291828,
                                0.0,
                                0.0,
                                1656406828.3811791,
                                58650062197815088
                            ],
                            "sub": []
                        }
                    ]
                },
                {
                    "stat": [
                        "doPostDesignResolutionToVir2Vcs",
                        "exit",
                        0.21014881134033203,
                        0.10463799999999999,
                        0.065771999999999997,
                        279888,
                        291828,
                        0.0,
                        0.0,
                        1656406828.3812649,
                        58650062197948000
                    ],
                    "sub": []
                },
                {
                    "stat": [
                        "doGAToPass2",
                        "entry",
                        0.21019792556762695,
                        0.104668,
                        0.065791000000000002,
                        279888,
                        291828,
                        0.0,
                        0.0,
                        1656406828.381314,
                        58650062198065532
                    ],