{
    "Modules": {
        "ALU": {
            "nMops": 3870,
            "start_perf": [
                0.21965980529785156,
                0.112965,
                0.060517000000000001,
                280560,
                291864,
                1656406956.1595559,
                58650394420463770
            ],
            "child_modules": {
                "FullAdder4": 4,
                "Mux16": 6
            },
            "Compiled": "Yes",
            "significant_routs": [
                [
                    2,
                    "R_VCSgd_trjvP_2",
                    2822921,
                    201,
                    48
                ],
                [
                    21,
                    "R_VCSgd_trjvP_15",
                    6155220,
                    2856,
                    620
                ]
            ],
            "Compiled Times": 2,
            "end_perf": [
                0.23577499389648438,
                0.12403400000000001,
                0.065545999999999993,
                283284,
                291864,
                58650394462495489,
                68719476737,
                0
            ],
            "nRouts": 26,
            "nQuads": 542
        },
        "Mux16": {
            "nMops": 159,
            "start_perf": [
                0.21729397773742676,
                0.110722,
                0.060393000000000002,
                280560,
                291864,
                1656406956.1571901,
                58650394414316946
            ],
            "child_modules": {},
            "Compiled": "Yes",
            "Compiled Times": 2,
            "end_perf": [
                0.21957278251647949,
                0.11290699999999999,
                0.060485999999999998,
                280560,
                291864,
                58650394420319171,
                47244640257,
                0
            ],
            "nRouts": 9,
            "nQuads": 34
        },
        "FullAdder4": {
            "nMops": 508,
            "start_perf": [
                0.21268582344055176,
                0.107977,
                0.058528999999999998,
                279916,
                291864,
                1656406956.1525819,
                58650394402342230
            ],
            "child_modules": {},
            "Compiled": "Yes",
            "Compiled Times": 2,
            "end_perf": [
                0.21719694137573242,
                0.11065800000000001,
                0.060359000000000003,
                280560,
                291864,
                58650394414159454,
                25769803777,
                0
            ],
            "nRouts": 10,
            "nQuads": 104
        },
        "...MASTER...": {
            "nMops": 0,
            "start_perf": [
                0.20252585411071777,
                0.10574600000000001,
                0.055301000000000003,
                278496,
                291864,
                1656406956.142422,
                58650394375927338
            ],
            "child_modules": {
                "ALU": 1
            },
            "end_perf": [
                0.21251177787780762,
                0.107872,
                0.058472000000000003,
                279916,
                291864,
                58650394401952466,
                0,
                0
            ],
            "nRouts": 5,
            "nQuads": 0
        }
    },
    "CompUnits": {
        "trjvP_d": {
            "mod": "ALU",
            "checksum": 0,
            "text": 8853,
            "out": "trjvP_d.o",
            "bytes": 20638,
            "mode": 4,
            "archive": "archive.4/_37781_archive_1.a"
        }
    },
    "reusePaths": {
        "amcQw_d": {
            "icPath": "csrc"
        },
        "Nw6UF_d": {
            "icPath": "csrc"
        },
        "NJTgI_d": {
            "icPath": "csrc"
        }
    },
    "ObjArchives": [
        {
            "archive": "archive.4/_37781_archive_1.a",
            "objects": [
                [
                    "trjvP_d.o",
                    20638
                ],
                [
                    "amcQwB.o",
                    80508
                ]
            ],
            "size": 101146
        }
    ],
    "stat": {
        "ru_self_end": {
            "ru_utime_sec": 0.12757099999999999,
            "ru_stime_sec": 0.069309999999999997,
            "ru_nvcsw": 9,
            "ru_maxrss_kb": 69132,
            "ru_minflt": 27430,
            "ru_majflt": 0,
            "ru_nivcsw": 235
        },
        "ru_childs_end": {
            "ru_utime_sec": 0.001165,
            "ru_stime_sec": 0.003496,
            "ru_nvcsw": 1,
            "ru_maxrss_kb": 16424,
            "ru_minflt": 616,
            "ru_majflt": 0,
            "ru_nivcsw": 3
        },
        "cpu_cycles_end": 58650394481303287,
        "peak_mem_kb": 291864
    }
}